gene,estimate,pvalue
ABL1,0.0915866002469454,7.75552310890237e-167
ABL2,0.0680879084694626,6.39093557213923e-93
ACE,-0.01648443056443,7.6179234349827e-07
ACE2,0.0176898849781,1.11707377222032e-07
ACKR1,-0.0444373328369569,1.43404735438233e-40
ACKR3,0.0521885655198591,2.63039718340995e-55
ACKR4,0.0266746503040701,1.21822886462369e-15
ACTA2,-0.0121892200071848,0.000255838876021316
ACTG2,0.0253166397079813,3.07676738123467e-14
ACVR1,0.105129000626827,1.86775986493793e-219
ACVR1B,0.0339178259918443,2.51907090309851e-24
ACVR2A,0.153472766932343,0
ACVRL1,-0.0405814109335046,4.09249159546452e-34
ADGRA2,-0.00886347180175228,0.00784456904601981
ADGRA3,0.113179035366985,3.09016932073843e-254
ADGRB2,0.0349861949674306,8.8727887753406e-26
ADGRB3,0.0255554834787024,1.76442617846314e-14
ADGRD1,-0.0113946080483031,0.000630898123322162
ADGRE5,-0.0637686933420055,1.02184660072041e-81
ADGRF1,0.00953603368206,0.00423056220332672
ADGRF3,0.0653442339504137,1.01826103486299e-85
ADGRF4,0.04302610936471,3.85968494368852e-38
ADGRF5,-0.0736597513051333,1.83225780817756e-108
ADGRG1,0.211827886716689,0
ADGRG2,0.0170500731794512,3.14386215562236e-07
ADGRG3,0.0384416910449032,8.78783743824144e-31
ADGRG5,0.0132361425666956,7.17490630150709e-05
ADGRG6,0.00713138201049634,0.0324263623004972
ADGRL1,0.113535067390136,7.78186480243123e-256
ADGRL2,-0.0219890294003802,4.20982026123662e-11
ADGRV1,-0.0352230640354211,4.16739648838304e-26
ADIPOQ,0.046123463863664,1.41618883468114e-43
ADIRF,0.0496714795744674,2.90766837515393e-50
ADM2,0.0655879694381254,2.39923920442003e-86
ADORA2A,0.0351645391870632,5.02524455443814e-26
AGR2,0.0426570254101903,1.61897872018132e-37
AHI1,0.0442229490961041,3.39410543749598e-40
AHR,0.24040184840068,0
AKT1,0.0911139189530175,3.91996619664678e-165
ALCAM,-0.0343085075318582,7.49870068347413e-25
ANGPT1,0.0202786370589787,1.17743246154734e-09
ANGPT2,-0.0296537417224125,5.75215815994356e-19
ANGPT4,0.0355435944901555,1.48688705021379e-26
ANGPTL1,0.02712611253975,4.01569719172164e-16
ANXA1,0.0534461618010999,6.41266268803814e-58
ANXA2,0.262023609609871,0
ANXA4,0.11090048258956,3.98993316094923e-244
APOA1,0.0578280390912995,1.64891827700177e-67
APOB,0.0273580468557314,2.25472879378221e-16
APOD,0.0136817428506655,4.05913297832685e-05
APP,0.124795733796307,4.56347958628049e-309
AQP3,-0.0595251647622856,1.99592039022995e-71
AR,0.0156178939295202,2.80044676234938e-06
ARF1,0.0995320691554654,8.15850846891236e-197
ARHGDIB,-0.172230203739836,0
ARTN,0.169696141871094,0
ATF3,0.0113160013472514,0.000687815690447687
ATG12,0.051095811158039,4.36626570742796e-53
ATG5,0.0789179018748539,2.93023343543377e-124
ATM,0.164570918982675,0
ATR,0.0791755056886676,4.62189145739471e-125
AXL,-0.0573477935244405,2.01863716927163e-66
AZU1,0.0387843962576372,2.64386036863122e-31
B2M,-0.11386278856166,2.59883484165435e-257
B3GNT7,-0.034554946283473,3.4671938824064e-25
BAG3,0.265896908149591,0
BATF3,-0.00840583484903571,0.0116885672033609
BAX,0.0755170592975889,6.43804958817475e-114
BCL2,0.0510202561615107,6.19269668230582e-53
BCL2L1,0.057421092689528,1.37913450838729e-66
BECN1,0.151126911773313,0
BEST1,0.0443546722296414,2.00006017717565e-40
BGN,-0.186766439468987,0
BID,0.147519934195668,0
BIRC5,0.128870445990828,0
BMP1,0.0826745445972744,3.22644235943197e-136
BMP2,0.039803602042162,6.9793756944844e-33
BMP3,0.00966543289783282,0.0037405108187601
BMP4,0.0476239651257296,2.41553614232642e-46
BMP5,0.00900320048951587,0.00692140691212366
BMP7,0.18620286381285,0
BMPR1A,0.150329203389567,0
BMPR2,0.0356800712194853,9.5607008032958e-27
BMX,0.038448642364204,8.57722191382577e-31
BRCA1,0.111364366490933,3.62712044593866e-246
BST1,0.0369067981012277,1.67517221598368e-28
BST2,-0.11946287874679,3.25899357493078e-283
BTG1,0.357851851902602,0
BTK,-0.0631081057002372,4.54979860209119e-80
C11orf96,-0.0825416145207334,8.73881828146284e-136
C1QA,-0.348926703647915,0
C1QB,-0.386389803826107,0
C1QC,-0.361154079907542,0
C5AR2,-0.0218693963363013,5.35913333101051e-11
C9orf16,0.247627536193553,0
CALB1,0.0212915510292713,1.68935874962665e-10
CALD1,-0.0835606672557244,4.03772171411948e-139
CALM1,0.14095255782557,0
CALM2,0.265944447329555,0
CALM3,0.0908327432414989,4.00382536623446e-164
CAMP,0.00733841742575164,0.0277205596892915
CASP3,0.0367739940915143,2.61237542390098e-28
CASR,0.0180040599550126,6.63331007209407e-08
CAV1,-0.0292898268090294,1.52937609532622e-18
CCL11,0.0334011779907619,1.22480635379731e-23
CCL13,0.028264704705992,2.25562255571102e-17
CCL15,0.0745080526660415,6.14904979888859e-111
CCL18,-0.292661873129452,0
CCL19,-0.00884662969128743,0.00796298331009345
CCL2,-0.0742647407824712,3.17231309775043e-110
CCL21,0.0361975054096409,1.76509211801692e-27
CCL23,0.0127292738423762,0.000134345399156587
CCL26,0.0520853076659731,4.28359974625171e-55
CCL28,0.0501072066784531,4.05744386951614e-51
CCL3,-0.0541763627739258,1.82542431524514e-59
CCL4,-0.0583018876893673,1.36438649260498e-68
CCL4L2,-0.0226392382282012,1.10893503357381e-11
CCL5,-0.119597903329226,7.46111416159097e-284
CCL8,0.0885182955354882,6.15678551747597e-156
CCND1,0.0506168248362094,3.9671230285421e-52
CCR1,-0.123614558607189,3.06075152615004e-303
CCR10,0.0368673058072326,1.91212831527654e-28
CCR2,-0.0193418945159678,6.54408578806768e-09
CCR5,-0.0337883805251894,3.75229967848804e-24
CCR7,0.0146022574552532,1.18547891238713e-05
CCRL2,-0.0884741371169399,8.77958353490969e-156
CD14,-0.258951174629394,0
CD163,-0.231764543947708,0
CD164,0.113063848679657,1.0143109562794e-253
CD19,0.0198664507008675,2.5283645561697e-09
CD2,-0.0690601395151016,1.5206161552213e-95
CD209,0.0323471749174217,2.86487721956207e-22
CD24,0.0346936795171309,2.24050642146758e-25
CD27,0.00690162956563968,0.0384338838682946
CD274,0.00674794421506915,0.0429601720213092
CD276,0.131020243490018,0
CD28,-0.0740507283008749,1.33720178233879e-109
CD300A,-0.0684447514667582,7.03027720379059e-94
CD33,0.043559823728621,4.75006108982954e-39
CD34,-0.0923075476944366,1.8788881954011e-169
CD36,-0.195051839726748,0
CD37,-0.217963585172694,0
CD38,-0.0068754773473563,0.0391741949919229
CD3D,0.059114729859659,1.8106797987048e-70
CD3E,0.0598547481201717,3.35969909748252e-72
CD4,-0.225604875952615,0
CD40,0.133076717869092,0
CD40LG,0.00911306763063482,0.00626538343676057
CD44,0.254287380796856,0
CD47,0.113286869677277,1.01450435446198e-254
CD48,-0.0795537230567584,3.03677097597697e-126
CD52,-0.263466110102937,0
CD53,-0.221610440661297,0
CD55,-0.0540808283865178,2.91594698418928e-59
CD58,0.106744739859457,3.16596606800444e-226
CD59,-0.112141290187712,1.32140704786913e-249
CD5L,0.0221146845015464,3.26260717162838e-11
CD63,-0.178552382500989,0
CD68,-0.433166741280754,0
CD69,-0.0441015910988407,5.51739248037666e-40
CD70,0.0141274908687267,2.25709479501058e-05
CD74,-0.623859632921547,0
CD79A,0.0398148976872176,6.70033209614014e-33
CD80,-0.0505328386083712,5.82894508088711e-52
CD81,-0.106502745776414,3.32126568299752e-225
CD83,-0.0537320722652745,1.60074827951624e-58
CD84,-0.157245938643601,0
CD86,-0.046973781505983,3.91998987613956e-45
CD8B,0.0314005235240422,4.46638920231325e-21
CD9,0.589029191974758,0
CDH1,0.410914161416669,0
CDH11,0.100823127802758,6.32484924056563e-202
CDH5,-0.0196512655479501,3.74572246548231e-09
CDKN1A,-0.00897253113463242,0.00711523487623939
CDKN3,0.123777645844146,4.83885254938212e-304
CEACAM1,0.0170656786111958,3.06681371957083e-07
CEACAM6,-0.0407250325344255,2.40963157327749e-34
CELSR1,0.273906633936945,0
CELSR2,0.121823327558247,1.63243774872653e-294
CENPF,0.109260849698574,5.5797999747067e-237
CFD,-0.0437205817226279,2.51457683852338e-39
CFLAR,-0.0677232858156689,6.02359246066322e-92
CHEK1,0.13616284274284,0
CHEK2,0.127710388485471,9.88131291682493e-324
CHGA,0.0205860524213659,6.59433510689283e-10
CHI3L1,0.0729544693254392,1.98753485662363e-106
CIDEA,0.0633360597601137,1.23321783623067e-80
CIITA,-0.130168829863147,0
CLCF1,0.0683882934505123,9.97634793159071e-94
CLDN4,0.115086674785549,7.29311817825668e-263
CLEC10A,-0.0115717542917638,0.000518307614271969
CLEC12A,0.109078491963613,3.42470882056922e-236
CLEC14A,-0.011393835674328,0.000631435413019413
CLEC1A,0.0123626031354531,0.000208609257454386
CLEC2B,-0.0092236356807333,0.00566221894758788
CLEC2D,0.0847923454062449,3.30887548476612e-143
CLEC4A,0.0133117538352241,6.52170053945002e-05
CLEC4D,0.0179439858042574,7.33333242292404e-08
CLEC4E,-0.00713897769897576,0.0322423294712504
CLEC5A,0.0169309120118026,3.79703287267034e-07
CLEC7A,-0.0482027681677188,1.95742787039862e-47
CLOCK,0.0916092116430901,6.4252410875115e-167
CLU,-0.0402298134194041,1.48505058162217e-33
CMKLR1,-0.0470177824806618,3.25014165075547e-45
CNTFR,0.159018857881436,0
COL11A1,-0.0136189762213746,4.40278567188652e-05
COL12A1,-0.00781253127352749,0.0191069868048687
COL14A1,0.00957657858200248,0.00407108595863281
COL15A1,-0.0330283485870811,3.77801208586094e-23
COL16A1,0.0470045728468378,3.43828857663415e-45
COL17A1,0.045510684666976,1.80397840524445e-42
COL18A1,0.058974638271632,3.83009705028618e-70
COL1A1,-0.0760507546719652,1.64504874910166e-115
COL1A2,-0.113154513625019,3.98031318289179e-254
COL21A1,0.0590440760046332,2.64261881263822e-70
COL27A1,0.141816714098045,0
COL3A1,-0.123926568420844,8.959497441136e-305
COL4A1,0.178743502425651,0
COL4A2,0.208307713069958,0
COL4A5,0.222009986303997,0
COL5A1,-0.0426997775691663,1.37209933812102e-37
COL5A2,-0.00826028946162985,0.013221357064994
COL6A1,-0.0955272593662166,2.17854143284289e-181
COL6A2,-0.132006275548964,0
COL6A3,-0.12114426469837,3.06920363223995e-291
COL8A1,-0.0512428651247598,2.20839309603056e-53
COL9A1,0.0260071637316607,6.08001968194856e-15
COL9A2,0.0485553104446937,4.17388879760561e-48
COL9A3,0.0754518171023484,1.00615594599112e-113
COTL1,-0.058862718410554,6.95973760346143e-70
CPA3,-0.00901611893141602,0.00684119288505822
CPB1,0.0114563508658051,0.000589297799868213
CRIP1,-0.0600769974679257,1.00474749463778e-72
CRP,0.192287794218558,0
CRYAB,0.0764370917545197,1.13834927353815e-116
CSF1,0.0353450901994795,2.81798863045427e-26
CSF1R,-0.128686923395033,0
CSF2,0.0153902386706129,3.90003790809633e-06
CSF2RA,-0.0157811194813296,2.20238402171372e-06
CSF2RB,-0.0160202755512471,1.54244363677009e-06
CSF3,0.0674675230911423,2.88490515123891e-91
CSF3R,-0.110346969962086,1.06020489013625e-241
CSHL1,0.0545502335651665,2.89638338765534e-60
CSK,0.164872202419282,0
CST7,-0.0129525588530822,0.000102188070945233
CTLA4,-0.0293517795471472,1.29592069009375e-18
CTNNB1,0.272666151308526,0
CTSG,0.102831216326031,5.23419770476858e-210
CUZD1,0.0402432930668159,1.41374197864044e-33
CX3CL1,0.119586228926454,8.47602966165417e-284
CXCL10,-0.0109385773456067,0.00103377427710892
CXCL12,-0.0461256160118255,1.40350514485528e-43
CXCL14,0.118346396883425,6.01057760203583e-278
CXCL16,-0.199546549395348,0
CXCL17,-0.017590330331646,1.3153020957081e-07
CXCL2,-0.105471351058788,7.00630596941756e-221
CXCL3,-0.0995311359190987,8.22774204245743e-197
CXCL5,0.0217834799393986,6.36857353406676e-11
CXCL6,0.0136929244237436,4.00064797033868e-05
CXCL9,-0.05181129504541,1.55523415941864e-54
CXCR1,0.0215825541472272,9.51068586333682e-11
CXCR3,0.0103252141031048,0.00195375483439059
CXCR4,-0.2926042187954,0
CXCR5,0.00872362362916788,0.0088774709327368
CXCR6,-0.0243542991970222,2.74686532557776e-13
CYP19A1,0.0280137688294546,4.2970343031006e-17
CYP1B1,-0.0281928654813962,2.71423252085665e-17
CYSTM1,0.0500458655837923,5.35931852015707e-51
CYTOR,-0.0125156267044136,0.000173853388960304
DCN,-0.124429770444637,2.95550356974391e-307
DDC,0.0921170290176827,9.27161039898827e-169
DDIT3,0.0868859944401509,2.72005643575842e-150
DDR1,0.360131260664939,0
DDR2,0.022146057166794,3.06077821739176e-11
DDX58,0.0240508832718571,5.38523336078962e-13
DHRS2,0.0528876775389361,9.44272381936096e-57
DLL1,0.0209420965148766,3.33475953953238e-10
DMBT1,-0.108187008615155,2.33099487690126e-232
DNMT1,0.174931032015986,0
DNMT3A,0.181027547922279,0
DNTT,0.0275383560646172,1.43478451904482e-16
DPP4,-0.028955193187289,3.71965884687478e-18
DST,0.370072417669482,0
DUSP1,-0.331305242530669,0
DUSP2,0.0123000008713069,0.000224628096179854
DUSP4,-0.0602074281346055,4.93730889381834e-73
DUSP5,0.128200401867882,0
DUSP6,0.141623821667696,0
EFNA1,0.185843026955663,0
EFNA4,0.0965105580320314,4.07513981637833e-185
EFNA5,0.0876763422866941,5.181902957381e-153
EFNB1,0.136606695935753,0
EFNB2,0.102390529915861,3.20955109236785e-208
EFNB3,0.023792217242398,9.49849743011678e-13
EGF,0.0694027277894858,1.77274455580772e-96
EGFR,0.711074098596562,0
EIF5A,0.203691225303912,0
ELANE,0.0143870892212059,1.59104667262333e-05
ENG,-0.104991305366978,6.97372496318072e-219
ENTPD1,-0.0324055605963389,2.41211178578971e-22
EOMES,0.0129789076721645,9.89136545479277e-05
EPCAM,0.333084155305977,0
EPHA2,0.118179377307328,3.64997479338474e-277
EPHA3,0.0166035702155225,6.33699794832797e-07
EPHA4,0.0819957986454862,5.13899202432845e-134
EPHA7,0.126553197017517,7.66214789933855e-318
EPHB2,0.0812510879225833,1.27629736226517e-131
EPHB3,0.140321693132019,0
EPHB4,0.187748401255407,0
EPHB6,0.0957622551260834,2.82321482801362e-182
ERBB2,0.139050463821673,0
ERBB3,0.0760254559249535,1.95851442036555e-115
ESAM,-0.0554074481702954,4.0551574355461e-62
ESR1,0.0276930946243857,9.71218609752106e-17
ETS1,-0.143176228280888,0
ETV4,0.134344701170177,0
ETV5,0.375206437907036,0
EZH2,0.258804548043544,0
EZR,0.173134722084467,0
FABP5,0.0724818371029281,4.4794407215529e-105
FAS,0.0268977727282515,7.05526610401895e-16
FASLG,0.0100290466083385,0.00262687783059482
FASN,0.130017203380317,0
FCER1G,-0.227152189344409,0
FCGBP,0.0489053685082894,8.89831813381752e-49
FCGR3A,-0.215589950654388,0
FCRLA,0.0282699130567863,2.22551777859097e-17
FFAR2,0.0430600112813656,3.38133638018868e-38
FFAR3,0.0667306592175739,2.54440173473316e-89
FFAR4,0.0418705326137542,3.29914788961287e-36
FGF1,0.0531790963481628,2.32877874357789e-57
FGF12,0.207402531403503,0
FGF13,0.112695599382731,4.49577161415363e-252
FGF18,0.0168563256280657,4.27056099534304e-07
FGF2,0.0345981281932207,3.02714869801134e-25
FGF7,0.0180689499369882,5.94993649986737e-08
FGF9,0.0231595180449505,3.71222072243569e-12
FGFR1,0.106064074019185,2.32119316755215e-223
FGFR2,0.305717738003666,0
FGFR3,0.158000069466372,0
FGG,-0.125829451982685,3.26061613651098e-314
FGR,-0.0935570561543247,4.91128985745207e-174
FKBP11,0.198784118708005,0
FLT1,-0.055789166882431,5.93191579640824e-63
FLT3LG,0.0478221645713441,1.02514987846612e-46
FN1,-0.161385576060699,0
FOS,0.067793683961598,3.90982514370189e-92
FOXF1,-0.0200171810579298,1.91522587079287e-09
FOXP3,0.0166183313100151,6.19355815114299e-07
FYB1,-0.149369978010745,0
FYN,-0.0955613973941892,1.6195219840142e-181
FZD1,0.142093766409752,0
FZD3,0.115179395953442,2.75312959564408e-263
FZD4,0.0161856991736164,1.20213194479288e-06
FZD5,-0.0167876108485954,4.75686801768132e-07
FZD6,0.223265708941172,0
FZD7,0.191758549693419,0
FZD8,0.0388294566159828,2.25584937329576e-31
G6PC2,0.0143223688555081,1.73692480228056e-05
G6PD,0.328646412521982,0
GADD45B,-0.1793343297555,0
GAS6,-0.0780005424716509,2.00355676562874e-121
GATA3,0.0344827874415586,4.3482546919399e-25
GC,0.0134881573562515,5.20973442600809e-05
GCG,0.0248081366452521,9.88354896280525e-14
GDF10,0.0140969996294569,2.35083305579379e-05
GDF3,0.0234134953870325,2.15700266103993e-12
GDF6,0.0200764233528803,1.71622712911655e-09
GDF9,0.0253156959607067,3.08350395711207e-14
GDNF,0.0915892102049149,7.58890788747146e-167
GLUD1,0.155112641254154,0
GLUL,0.0856098120557532,5.94435019280457e-146
GNLY,0.106214708738602,5.41052645636308e-224
GPBAR1,0.0222955873425912,2.25491883537727e-11
GPER1,0.0803223885782898,1.15301417009865e-128
GPNMB,0.46844772888681,0
GPR183,-0.142366687501922,0
GPX3,-0.205075157187629,0
GSN,-0.0247724270043943,1.07184006729439e-13
GSTP1,0.370829471905718,0
GZMA,-0.0141459178373028,2.20218145640167e-05
GZMB,0.061186303982558,2.2715719091786e-75
GZMH,0.0697343383596205,2.19159109788816e-97
GZMK,-0.0289756303186383,3.52414522214814e-18
H2AZ1,0.250467619255975,0
H4C3,0.292435821846186,0
HAVCR2,-0.075454643370419,9.86889763947274e-114
HBA1,-0.00939483028964606,0.00483116742735696
HBB,-0.0114096461057293,0.000620521517109213
HCAR2,0.0963316787028587,1.95534164207316e-184
HCAR3,0.0844447982925255,4.77412844305846e-142
HCK,-0.0712944258056429,1.02600239416551e-101
HCST,0.0275526950238593,1.38395365073084e-16
HDAC1,0.188405831643419,0
HDAC11,0.0555186434692933,2.31961803861678e-62
HDAC3,0.133601502797141,0
HDAC4,0.136216857609634,0
HDAC5,0.13638025907319,0
HGF,-0.01543324124678,3.66477773705438e-06
HIF1A,0.0436800826241259,2.9522330564837e-39
HILPDA,0.121400857939792,1.78665512391706e-292
HLA-A,-0.19959508419194,0
HLA-B,-0.215688172656017,0
HLA-C,-0.24328856428224,0
HLA-DPA1,-0.504044305798603,0
HLA-DPB1,-0.427160108137679,0
HLA-DQA1,-0.46429740851975,0
HLA-DQB1,-0.43208144949713,0
HLA-DRA,-0.470748748304416,0
HLA-DRB1,-0.553652836553141,0
HLA-DRB5,-0.154784070052214,0
HLA-E,-0.256631275391439,0
HMGB2,0.198409951947472,0
HMGN2,0.0402439748671548,1.41022696964971e-33
HPGDS,0.0134009882610365,5.82320665124763e-05
HSD17B2,0.0209363304794567,3.37208501240463e-10
HSD3B2,0.025759059089074,1.09404601161905e-14
HSP90AA1,0.313246252520645,0
HSP90AB1,0.408057500925586,0
HSP90B1,0.345406416295961,0
HSPA1A,0.106801861229501,1.81638353178806e-226
HSPA1B,0.168335395846379,0
HSPB1,0.447899602205253,0
HTT,0.0824308881796011,2.001540038418e-135
IAPP,0.0325520354621455,1.5645529211638e-22
ICAM1,-0.0425216728232064,2.73063646345966e-37
ICAM2,-0.0221919250910751,2.78751640586167e-11
ICAM3,0.00903231330060187,0.0067418181058581
ICOS,-0.0285002808471311,1.22540901063527e-17
ICOSLG,0.0624369615990135,2.06690146514932e-78
IDO1,-0.0369867581045168,1.28097088384283e-28
IER3,0.0498205883015657,1.48489487489717e-50
IFI27,-0.21256254767692,0
IFIH1,0.0362328414547456,1.57137854480225e-27
IFIT1,0.0364448282107304,7.8051903463121e-28
IFITM1,-0.114185184534353,9.08255842205688e-259
IFITM3,-0.0769039778791811,4.43234026671933e-118
IFNA1,0.0189261301857275,1.3669349379803e-08
IFNAR1,0.061768838431744,8.86234600873876e-77
IFNAR2,0.0113762977070838,0.000643750582483568
IFNB1,0.014596041691404,1.19566564078655e-05
IFNG,0.0235456819690798,1.62238082972316e-12
IFNGR1,0.0798398902500466,3.83705713000513e-127
IFNGR2,0.0915139250782621,1.41949448204479e-166
IFNL2,0.0518605677535307,1.23400429089843e-54
IFNL3,0.0686705951902439,1.72855865560579e-94
IGF1,0.0628098980821302,2.4921870945871e-79
IGF1R,0.338095117871072,0
IGF2,0.0116835480081167,0.000457210549751867
IGF2R,0.0940552742277329,7.02241097947792e-176
IGFBP3,0.111915920318967,1.32130411730171e-248
IGFBP5,0.132199689440053,0
IGFBP7,-0.26176890667672,0
IGHA1,-0.0548508003724819,6.53317666396757e-61
IGHG1,-0.100171621415445,2.4455199581092e-199
IGHM,-0.0761728432624559,7.08388216254753e-116
IGKC,-0.120608125399084,1.14497541710181e-288
IL10,0.067738041904076,5.50210096989917e-92
IL10RA,-0.0761276942013743,9.675088144479e-116
IL10RB,0.0405450556873839,4.67832033823225e-34
IL11,0.12584251370922,2.80541191178276e-314
IL11RA,0.0798418545702712,3.7828584080642e-127
IL12A,0.0658659647360357,4.58334147743594e-87
IL12B,0.00918735165844593,0.00585411725918913
IL12RB1,-0.0103754493781827,0.00185671600289046
IL12RB2,0.0335448376410348,7.90912309111948e-24
IL13RA1,0.0141877258447304,2.08226871109743e-05
IL15,0.0472927989661798,1.00351586856526e-45
IL15RA,0.109896730571904,9.73462107896955e-240
IL16,-0.123537781584352,7.28753901877031e-303
IL17A,0.0295838887992856,6.94617593873452e-19
IL17B,0.0300942126779157,1.73359763645588e-19
IL17D,0.0530891750957256,3.58988896309372e-57
IL17RA,0.0943618589061711,5.08600924043755e-177
IL17RB,0.0417992674103171,4.32347752302574e-36
IL17RE,0.0941941431128022,2.14060016133807e-176
IL18R1,0.0399325657815734,4.37730158858586e-33
IL1A,0.0426696774903069,1.54164232583066e-37
IL1B,0.0330231242439567,3.83777886561221e-23
IL1R1,0.273415403492229,0
IL1R2,0.162572303938182,0
IL1RAP,0.27473465888427,0
IL1RL1,0.00878785522690606,0.00838885809240173
IL1RN,0.0144230750111875,1.51506660280862e-05
IL20,0.119998636056096,9.29336784475618e-286
IL20RA,0.104183683532599,1.52703644864659e-215
IL22RA1,0.0708544019881009,1.74611011144114e-100
IL23A,0.026471630479892,1.99481365057564e-15
IL24,-0.0190374753246843,1.12388539115251e-08
IL27RA,0.0900773425046937,1.98651018586393e-161
IL2RA,-0.0947105398630282,2.5418122136298e-178
IL2RB,0.0117675522243235,0.000415797714680584
IL2RG,-0.117288073264562,5.29152141829529e-273
IL32,-0.124293536840812,1.3916182055547e-306
IL33,-0.0231341833928393,3.91757759451245e-12
IL34,0.0504380654689533,8.99157406174942e-52
IL36G,0.0166986021541283,5.46668458166489e-07
IL4R,0.0259727836466548,6.59781818052206e-15
IL6,0.0265574622109839,1.62012761272771e-15
IL6R,0.0166010494000558,6.3618117032242e-07
IL6ST,-0.0154933640811077,3.35855140127181e-06
IL7,0.0300292697301042,2.07118723954146e-19
IL7R,-0.121974159023214,3.04108272708085e-295
INHA,0.062714782355829,4.27978322254093e-79
INHBA,0.00683999768241897,0.040197875832006
INHBB,0.0928070855002385,2.81381254832122e-171
INS,0.0589648619730368,4.03540170454931e-70
INSR,0.0202596038003639,1.22012692868427e-09
IRF3,0.0792092822999507,3.62623831434787e-125
IRF4,-0.0178447853474132,8.64868812083882e-08
ITGA1,-0.0265263388681146,1.74720922072583e-15
ITGA2,0.259323369142602,0
ITGA3,0.0626250383051525,7.12316715022596e-79
ITGA5,-0.0582265322499552,2.03066672791442e-68
ITGA6,0.253458066878686,0
ITGA9,0.0172286281483985,2.36381705345646e-07
ITGAE,-0.0132707511965606,6.86859327875092e-05
ITGAL,-0.0521497192183917,3.16043111280452e-55
ITGAM,-0.0599384458921254,2.13354485032998e-72
ITGAV,0.33317152499007,0
ITGAX,-0.227041077270774,0
ITGB1,0.0729348749699936,2.26245225284955e-106
ITGB2,-0.28741289948197,0
ITGB4,0.221017948148708,0
ITGB5,-0.0189362494107839,1.34288885363416e-08
ITGB6,-0.0403190154594907,1.07197720570934e-33
ITGB8,0.310377106250287,0
ITK,-0.0428922446498058,6.50148876975902e-38
ITM2A,-0.0343679407575642,6.22886196465322e-25
JAG1,0.495700715048377,0
JAK1,0.0551379665585794,1.56282919533174e-61
JAK2,0.0125941102367599,0.000158216297621728
JCHAIN,-0.0795097911167577,4.16914338999724e-126
JUN,-0.00859088783531782,0.00996849846310676
JUNB,-0.0672163703494312,1.33545816339603e-90
KDR,-0.0172333728517754,2.34588302929641e-07
KIT,-0.00708522106430268,0.0335642378083359
KITLG,0.0372666062180518,4.9862691135674e-29
KLF2,-0.0155975438796498,2.88512568065735e-06
KLK3,0.0237314313652488,1.08441812843989e-12
KLRB1,-0.0139370820848723,2.9062735987315e-05
KLRK1,-0.0110025302338031,0.000965627235419857
KRAS,0.216690356140521,0
KRT1,0.281548485787717,0
KRT13,0.367682504005199,0
KRT14,0.285990032473195,0
KRT15,0.50300834919051,0
KRT16,0.295894892772037,0
KRT17,0.650556078334571,0
KRT18,0.170815324813029,0
KRT19,0.626261352803556,0
KRT20,0.0422215479672879,8.65170977310491e-37
KRT23,0.0560937137460095,1.26779351126193e-63
KRT24,0.00866591766720167,0.00933795682961315
KRT4,0.0322228818383655,4.12769111545662e-22
KRT5,0.632243233668822,0
KRT6A,0.612104792791034,0
KRT6B,0.324623764002029,0
KRT6C,0.408167089622697,0
KRT7,-0.0935021949792552,7.82920051785047e-174
KRT8,0.230845245345456,0
KRT80,0.0484783947654166,5.85305595198267e-48
KRT86,0.0301419890793681,1.52054130867052e-19
LAG3,0.0414888196855714,1.39662100179927e-35
LAIR1,-0.136747352616762,0
LAMP2,0.295918712268523,0
LAMP3,-0.00986591099098093,0.00308245633783833
LCN2,0.0664300234381372,1.5601173383404e-88
LDLR,0.155181752574287,0
LEFTY1,0.0404098851173875,7.68536220576775e-34
LEFTY2,0.0426578693719923,1.61370202672102e-37
LEP,0.0238540413825556,8.29821071728785e-13
LGALS1,-0.303800954681176,0
LGALS3,0.0478947442286796,7.4833349871855e-47
LGALS3BP,0.19145743290188,0
LGALS9,-0.0388229928392429,2.30782322480252e-31
LIF,0.0732212997029174,3.39315914794525e-107
LIFR,0.0620154054353757,2.22450119721577e-77
LINC02446,0.00818109324709249,0.0141279322538814
LMNA,0.227634621679953,0
LPAR5,0.0596345003786296,1.10637804039824e-71
LTB,0.0152001557471213,5.12478813692772e-06
LTBR,0.35972147538513,0
LTF,-0.15885324117261,0
LUM,-0.130316137729784,0
LY6D,0.0916668545474091,3.97617044077958e-167
LY75,0.104205446185167,1.24217382891017e-215
LYN,-0.0538037288344608,1.12918192715126e-58
LYZ,-0.442999446706771,0
MALAT1,0.270494890483688,0
MAML2,0.079663072753396,1.37878371813999e-126
MAP1LC3B,0.0104464920762735,0.00172702971551855
MAPK13,0.0803541086519607,9.15042505288533e-129
MAPK14,0.149005624096239,0
MARCO,-0.0764401365944288,1.11457797407436e-116
MECOM,0.0322467087659817,3.84901728424721e-22
MEG3,-0.00780476463486051,0.0192266406655042
MERTK,0.0629691554170076,1.00594652040124e-79
MET,0.0973271783110012,3.05180783813379e-188
MGP,-0.115904133844577,1.3207189006975e-266
MIF,0.479695467895764,0
MKI67,0.13664867492505,0
MMP10,0.0344842552522855,4.32829330831186e-25
MMP12,-0.0119869177967417,0.000323576317251294
MMP14,0.0680070195240484,1.05234369049058e-92
MMP16,0.0246196303208167,1.51448336158558e-13
MMP19,-0.0756726962629744,2.21560655609771e-114
MMP2,-0.0796972473605952,1.07703188081333e-126
MMP3,0.0207756350249874,4.59311018736871e-10
MMP7,0.045770896954996,6.1482107946058e-43
MMP9,-0.0605702446686663,6.78628457947108e-74
MPO,0.0175731511571786,1.35278730334407e-07
MRC1,-0.0610301987150036,5.38980877997109e-75
MRC2,0.034117872739059,1.3567977723248e-24
MS4A1,-0.0184724378663469,3.00135915915592e-08
MS4A4A,-0.197906074966696,0
MSMB,0.113448014670207,1.91647200458594e-255
MST1R,0.0375902098159019,1.66012879451891e-29
MT1X,0.324359381275765,0
MT2A,-0.0934894538709733,8.72437622640102e-174
MTOR,0.0288945594821618,4.36494103036405e-18
MTRNR2L1,0.422640815085436,0
MX1,0.0350076735949737,8.28686472295897e-26
MYC,0.31612313872204,0
MYH11,0.0219123420522618,4.91502342018853e-11
MZB1,-0.027330320883902,2.41640059446345e-16
MZT2A,0.145671945700764,0
NANOG,0.0612136632693754,1.95191620021194e-75
NDRG1,0.27306776445282,0
NEAT1,0.318153405349634,0
NFKB1,0.0320963771084637,5.97743600666815e-22
NFKBIA,0.187460188172208,0
NGFR,0.101322634688378,6.39432370977817e-204
NLRC5,0.0182493552534583,4.38932189723222e-08
NLRP1,-0.0232844462965499,2.84423037327416e-12
NLRP3,-0.0194769052365405,5.1351292996828e-09
NOD2,0.00956450439691152,0.00411799753628956
NOSIP,0.0642336066840666,6.8991587167032e-83
NOTCH1,0.142673809687421,0
NOTCH2,0.0196990604018071,3.43379938457725e-09
NOTCH3,0.154106846934321,0
NPPB,0.0294315983238835,1.04635378620564e-18
NPPC,0.217502141858643,0
NPR1,-0.0160827367106764,1.40428295398197e-06
NPR2,0.00890238102609078,0.00757701510133388
NPR3,0.184481978985951,0
NR1H2,0.0271719865444101,3.58382451405062e-16
NR1H3,-0.0402774915184008,1.24772524431359e-33
NR1H4,0.00999293363231273,0.00272206645868964
NR3C1,0.107313056662141,1.24133090802727e-228
NRG1,0.0140238216781268,2.59114683539529e-05
NRG4,0.0113521738532088,0.000661055601869729
NRIP3,0.0357426760859016,7.80314799421378e-27
NRXN1,0.0214791005763774,1.16757798765752e-10
NRXN3,0.114972385143138,2.42067309924387e-262
NTRK2,0.450211515767536,0
OAS1,0.0162664477596174,1.06348907983503e-06
OAS2,0.0409976430458716,8.77202069362125e-35
OAS3,0.0246668821723234,1.36123130332777e-13
OLFM4,-0.0233482461593492,2.48120252288887e-12
OLR1,-0.0501968289905772,2.70028323466532e-51
OSMR,0.201586433236851,0
OXER1,0.0554711332899448,2.94528534154003e-62
OXGR1,0.0232138046685119,3.30707740478267e-12
P2RX5,0.0133063854918607,6.5661557418396e-05
P2RY12,0.0350264946591948,7.80506786468131e-26
PARP1,0.0787437812296555,1.01754900113599e-123
PCNA,0.24436880319695,0
PDCD1LG2,-0.100678666604778,2.37805127450165e-201
PDGFA,0.161320086871656,0
PDGFB,0.0439915342431745,8.56239106646282e-40
PDGFC,-0.0328473018705898,6.49936655544401e-23
PDGFD,0.00770017461929974,0.0209029033921619
PDGFRA,-0.0346507531463393,2.56508288325262e-25
PDGFRB,-0.034598515247301,3.02346599562989e-25
PECAM1,-0.176205782387901,0
PF4,0.01753336699695,1.4436071083068e-07
PGF,0.0423027483725458,6.33788861933312e-37
PGR,0.0212727836293537,1.75267743926265e-10
PHLDA2,0.0593028754707372,6.60162248410032e-71
PIGR,-0.143075215005034,0
PLA2R1,0.270513667587254,0
PLAC8,0.0836480433304559,2.08081124989402e-139
PNOC,0.011163640581941,0.00081196109415046
POU5F1,0.130451477366815,0
PPARA,0.116508516300905,2.17093640900639e-269
PPARD,0.049030613299212,5.10488699576525e-49
PPARG,0.0804922389221863,3.34037514947702e-129
PPBP,0.0229643070997047,5.61275527945565e-12
PROK2,0.012943958312653,0.000103278839962163
PROKR1,0.0312347598268608,7.16564106855794e-21
PRSS2,0.0242764267271086,3.26747323079263e-13
PSAP,-0.125357244054958,7.40364088623452e-312
PSCA,0.0827055638389424,2.55649743217047e-136
PTGDR2,0.156985747535968,0
PTGDS,-0.0474528722853714,5.04772254050629e-46
PTGES,0.0293596288922042,1.26897662531561e-18
PTGES2,0.205645817752685,0
PTGES3,0.164967981602944,0
PTGIS,0.0519128589952019,9.65112277197541e-55
PTGS1,-0.0216087053099035,9.02881247035599e-11
PTHLH,0.172714720622936,0
PTK2,0.213734356527833,0
PTK6,0.0764605581148187,9.67456463010442e-117
PTPRC,-0.132283016716501,0
PTPRCAP,0.0490260965797358,5.2083436946896e-49
PTTG1,0.0830685758663569,1.6668437336755e-137
QRFPR,0.0609509973554838,8.34816385492421e-75
RAC1,0.246088584092532,0
RAC2,-0.0163884250528506,8.82824098576485e-07
RAD51,0.0689746224217219,2.59588156282367e-95
RAMP1,0.113441138152631,2.05782551396867e-255
RAMP2,0.0564490688254256,2.07248269187234e-64
RARA,0.138677801112094,0
RARB,0.0367440205136199,2.8873199960349e-28
RARG,0.0556169412196739,1.41435607495212e-62
RARRES1,-0.06070597146537,3.22021632617475e-74
RARRES2,0.0326366524772433,1.21730941992888e-22
RB1,0.12486320204227,2.1123398487018e-309
RBPJ,0.0729302276630815,2.33303797751612e-106
REG1A,0.0279352490524045,5.25112585305598e-17
RELA,0.215651930979748,0
RELT,0.0928525336629716,1.91776687903489e-171
RGCC,-0.0948931660270795,5.2681770738221e-179
RGS1,-0.364938721122529,0
RGS2,-0.0652106872739343,2.24304801986267e-85
RGS5,-0.0444119472307802,1.58840966731319e-40
RNF43,0.148534220629072,0
RORA,0.110010185424276,3.12218248711893e-240
RPL21,0.320026789168654,0
RPL22,0.266535588793798,0
RPL32,0.327709971050631,0
RPL34,0.281599919105304,0
RPL37,0.447510349400019,0
RPS4Y1,-0.124010000280788,3.47966288628482e-305
RSPO3,0.0136281886158348,4.35067396108894e-05
RUNX3,0.0177465566761536,1.01748734026481e-07
RXRA,0.194191276258579,0
RXRB,0.0836090517695255,2.7973528706231e-139
RYK,0.110246747611064,2.90431669873329e-241
S100A10,0.286715741233398,0
S100A2,0.450741235847454,0
S100A4,-0.0353731460207077,2.57506783234374e-26
S100A6,0.102052883813353,7.42632079325564e-207
S100A8,0.0382253185857645,1.86583435100084e-30
S100A9,0.116494020974599,2.53276845463554e-269
S100B,0.0448615235036958,2.57592158531642e-41
S100P,0.0184273882934216,3.24195381240197e-08
SAA1,0.0914167629956387,3.18258177078464e-166
SAA2,0.0324729206188529,1.97715712243139e-22
SAT1,-0.081440461726948,3.15498308093844e-132
SCG5,0.050855798102723,1.32268907717937e-52
SCGB3A1,-0.127234534562132,2.80629286837828e-321
SEC23A,0.150116733007786,0
SEC61G,0.548081357603844,0
SELENOP,-0.335058265162052,0
SELL,0.00690222270584378,0.0384172322527864
SELPLG,0.0201221972080343,1.57641167358701e-09
SERPINA1,-0.241178922526801,0
SERPINA3,0.0299731438637558,2.41472678159015e-19
SERPINB5,0.118039145538253,1.65631581681076e-276
SERPINH1,0.121820902426596,1.677116405002e-294
SFN,0.306091882553284,0
SIGIRR,0.0547790846104904,9.32734581803791e-61
SLC2A1,0.209433520807237,0
SLC2A4,0.0200224487168362,1.89665765100215e-09
SLC40A1,-0.19390880318005,0
SLPI,-0.126291382904855,1.58342189754873e-316
SMAD2,0.152156073025305,0
SMAD3,0.184973632083728,0
SMAD4,0.135246973015076,0
SMARCB1,0.180610273120381,0
SMO,0.106042391316793,2.86203711292301e-223
SNAI1,0.0461042082172832,1.53486831225999e-43
SNAI2,0.198656052069217,0
SOD1,0.18725888811796,0
SOD2,-0.0584059946163367,7.87001002602638e-69
SOSTDC1,0.0777136171430719,1.51921036971905e-120
SOX2,0.325772580706063,0
SOX4,0.11194882587057,9.44341828003831e-249
SOX9,0.247194325100305,0
SPARCL1,0.108724864028604,1.14521710894288e-234
SPINK1,0.0363098236778432,1.21933723175155e-27
SPOCK2,-0.0352336963432651,4.02793079945361e-26
SPP1,-0.218275109747319,0
SPRY2,0.126449013967825,2.55893593839399e-317
SPRY4,0.0184052351135087,3.36702773217057e-08
SQSTM1,0.265654595914557,0
SRC,0.167796942040302,0
SREBF1,0.0839977856194458,1.45474875694656e-140
SRGN,-0.376062817382679,0
SST,0.0491770470869205,2.66108022580323e-49
ST6GAL1,-0.0277317047573439,8.80819543728866e-17
ST6GALNAC3,-0.0306122911602845,4.1368761936105e-20
STAT1,0.0911114122499981,4.00214967452755e-165
STAT3,0.257206328612948,0
STAT4,-0.0652493079528292,1.78535218300918e-85
STAT5B,0.0892880377224794,1.23116293224012e-158
STAT6,0.0880688294470801,2.26163978512667e-154
STMN1,0.137507732391362,0
SUCNR1,0.039534184223264,1.84075526993942e-32
SYK,-0.0450791205021712,1.06100217058325e-41
TACSTD2,0.227356355348757,0
TAGLN,0.043299416333347,1.32440432780938e-38
TAP1,0.0426384362705378,1.73965256644118e-37
TAP2,0.0669466990640832,6.87739834689772e-90
TBX21,0.0109035677370369,0.00107293886120849
TCL1A,0.0202085243857219,1.34230330469491e-09
TEK,-0.0141157211794821,2.29284845874147e-05
TFEB,0.0279377796910795,5.21734431486736e-17
TGFB1,0.0761572545739338,7.88904775744419e-116
TGFB2,-0.0100389173502198,0.00260139480952121
TGFB3,0.00987361866461747,0.00305940545921219
TGFBR1,0.103253242201639,9.99113306216634e-212
TGFBR2,-0.153293498460637,0
THBS2,0.0630532638491658,6.22422663973141e-80
TIE1,-0.00783375763136274,0.0187832854663031
TIGIT,-0.00740670376160513,0.0263034445861654
TIMP1,-0.105237595030556,6.60018146157573e-220
TLR1,-0.0158756547439347,1.91428438167418e-06
TLR2,-0.0273616093056301,2.23474479895053e-16
TLR3,-0.00655991920625723,0.0491029981471903
TLR4,-0.0848667551308761,1.86580951006175e-143
TLR5,0.076789056986601,9.8721103918994e-118
TLR7,-0.0289400450333206,3.87144850515993e-18
TLR8,0.0724221348646334,6.6296685431299e-105
TM4SF1,0.346394022817099,0
TNF,0.0253204403759626,3.04978399355702e-14
TNFAIP6,0.013111661428261,8.38690302347411e-05
TNFRSF10A,0.082068228260009,2.99749338212141e-134
TNFRSF10B,0.096087916898432,1.64920425067656e-183
TNFRSF10D,0.0163793429948362,8.95187595286002e-07
TNFRSF11A,0.0226325287296568,1.12452033617864e-11
TNFRSF11B,0.0320394882827795,7.05711721082227e-22
TNFRSF12A,0.172117588949043,0
TNFRSF17,0.0193915659235698,5.98673537846421e-09
TNFRSF18,0.0694422376327082,1.38262368324288e-96
TNFRSF19,0.161262562097294,0
TNFRSF1A,0.107287423474812,1.59483594911435e-228
TNFRSF1B,-0.10468808632001,1.26091739305513e-217
TNFRSF21,0.1071454738174,6.381133845304e-228
TNFRSF4,0.0261237397291706,4.60477009126738e-15
TNFRSF9,0.020700608525511,5.30186495519279e-10
TNFSF10,0.137695405019014,0
TNFSF12,-0.0360586217625874,2.78437251120507e-27
TNFSF13B,-0.0170913500902253,2.94401670523932e-07
TNFSF14,0.0349817408705475,8.99933969307719e-26
TNFSF15,0.0418526087836233,3.53146974932776e-36
TNFSF18,0.033488078968119,9.40302086422238e-24
TNFSF4,0.0572913156555006,2.70642847587719e-66
TNFSF8,-0.0244215195831152,2.36366236590391e-13
TNFSF9,0.0237919761793804,9.50349582227143e-13
TOP2A,0.183759306394269,0
TOX,0.0158066289055583,2.12078475578547e-06
TP53,0.046808766291773,7.90344173871872e-45
TPM1,0.113742497233618,9.06084221634239e-257
TPM2,0.0701695659081806,1.38863283920313e-98
TPSB2,0.00739141895273686,0.0266150858431066
TSC22D1,0.138779005997259,0
TSHZ2,0.305431530989733,0
TSLP,0.125993300385522,4.93880556992739e-315
TTR,0.0187591756689017,1.82958912128286e-08
TUBB,0.211425636450108,0
TUBB4B,0.291271447437954,0
TWIST1,0.0238191284290194,8.95642192725797e-13
TWIST2,0.0102193106439036,0.00217375561796034
TYK2,0.178802159379685,0
TYMS,0.141726578616568,0
TYROBP,-0.223369438419183,0
UBE2C,0.186918829538845,0
UCP1,0.0133357430406756,6.32650385996526e-05
UPK3A,0.0390133396454471,1.17816324775513e-31
VCAM1,-0.0282552510176807,2.31129577009095e-17
VCAN,0.0521614158182825,2.99052478578578e-55
VEGFA,0.240937811431677,0
VEGFB,0.129713024881055,0
VEGFC,-0.00930021975249592,0.00527569077256146
VEGFD,0.0426644507008443,1.57313583567759e-37
VHL,0.129892670526214,0
VIM,-0.528729973753582,0
VPREB3,0.0521044775434652,3.91310979559482e-55
VSIR,-0.106675943043346,6.17946313557094e-226
VTN,0.0909344242293366,1.72936996205721e-164
VWF,-0.0238187357776637,8.96410847086076e-13
WIF1,0.10753156259359,1.46257853483977e-229
WNT10B,0.0395596924468227,1.67973388660744e-32
WNT11,0.0498427659055132,1.34342441756752e-50
WNT2,0.0127359725615635,0.000133255450886749
WNT2B,0.171188702395108,0
WNT3,0.0413882717231901,2.03801154358044e-35
WNT5A,0.226410734068028,0
WNT5B,0.0960320153286142,2.68725301161883e-183
WNT7A,0.0271802095363473,3.5114020981889e-16
WNT7B,0.202529962790253,0
WNT9A,0.0539841681140938,4.67980641516163e-59
XBP1,0.0988848072462859,2.80880121708527e-194
XCL1,0.100508369413681,1.13026308041968e-200
XCL2,0.0719157528214286,1.81967039461219e-103
YBX3,0.408821259111293,0
YES1,0.183730975873009,0
ZFP36,0.163337903399868,0
